<?xml version="1.0" encoding="UTF-8"?>

<server_configuration>

    <!-- Alias DB -->
    <jcdAlias>O8D</jcdAlias>

    <!-- Compte technique associé au serveur -->
    <serverAccount>
        <login>WUmsU/qCnqcAQ7RxoHk9rQ==</login>
        <password>a31BwX0VR+JlwpYxr3SHIA==</password>
    </serverAccount>
    <!-- CAP-25454: Diagcloud - start -->
    <!-- Technical account for serav -->
    <serav>
        <login>mhQ6Fk2NoNpxF9FiYeCB7w==</login>
        <password>/pnb7/12uF76DRhd2ZSKKw==</password>
    </serav>
    <!-- Technical account for ediag -->
    <ediag>
        <login>5FwJy+lcjH7KmHX41qsfkQ==</login>
        <password>N9PABg3Toqd91WJkYNbkIQ==</password>
    </ediag>
    <!-- Technical account for campaignCode/getInfoVehicule -->
    <corvet>
        <login>1EnmFN9PYH73+JGNfUEVgQ==</login>
        <password>Lc23yjmBsFfPppFfs8+wLg==</password>
    </corvet>
    <!-- Technical account for UnlockingBSRF -->
    <serav_ul>
        <login>CFmcEWcShaXqKtdD/KXY6g==</login>
        <password>or3FEJHD0axNaArnnQZ8ow==</password>
    </serav_ul>
    <!-- Technical account for portfolio -->
    <portfolio>
        <login>N52tWJFHR625HBy56/EzAQ==</login>
        <password>SGRd8A10KSAsUgeq1IWKlw==</password>
    </portfolio>
    <!-- Technical account for repps -->
    <repps>
        <login>gQKCaXcf7JMuZ2yFzqasqg==</login>
        <password>zTp1AVXVE0qoFXCzMSa4qA==</password>
    </repps>
    <!-- CAP-25454: Diagcloud - end -->
    <!-- CAP-27774 -->
    <argos>
        <login>xxZ+0K6RrHDVfTgRpiiSDw==</login>
        <password>IS1tZBqaSdCEQ3tCp2joeg==</password>
    </argos>
    <!-- CAP-26498: Diagcloud Lot2- start -->
    <!-- Technical account for serav for RI/OI profile -->
    <serav_ri>
        <login>mnNobLneedGAYSsmyj3RbA==</login>
        <password>IBxNFq3uu89EtDZhpjYssA==</password>
    </serav_ri>
    <!-- CAP-26498: Diagcloud Lot2- end -->
    
    <!-- Cap-28735 x250 lot2 Witexedi Start-->
    <TBM_HU>
        <login>QVspQ9nBy1/P2mRS5FfchA==</login>
        <password>xlRv3UJa6nV4z9CpFdFNoQ==</password>
    </TBM_HU>
    <!-- Cap-28735 x250 lot2 Witexedi end-->

    <!-- Définition du proxy -->
    <proxy>
        <hostname>http.internetpsa.inetpsa.com</hostname>
        <port>80</port>
    </proxy>
    <!-- CAP-27774 -->
    <relay>
        <applicationName>argos</applicationName>
        <type>REWRITE_RESPONSE_RELAY</type>
        <applicationId>NRV</applicationId>
        <active>true</active>
        <scheme>https</scheme>
        <hostname>staging.e-xteq.com/publicapigateway/api/Jobs?</hostname>
        <port></port>
        <context></context>
        <useProxy>true</useProxy>
        <forwardCredentials>true</forwardCredentials>
    </relay>
    <!-- CAP-28062:X250-Lot1:- Added relay for getADACertificate service -->
    <relay>
        <applicationName>ada</applicationName>
        <type>REWRITE_RESPONSE_RELAY</type>
        <applicationId>SDRB</applicationId>
        <active>true</active>
        <scheme>https</scheme>
        <hostname>test.ext.authdiag.fcagcv.com/cloud/v2</hostname>
        <context></context>
        <useProxy>true</useProxy>
        <forwardCredentials>true</forwardCredentials>
    </relay>
       <!-- Définition des relais -->
    <relay>
        <applicationName>repps</applicationName>
        <type>BASIC_RELAY</type>
        <applicationId>O7D</applicationId>
        <active>true</active>
        <scheme>http</scheme>
        <hostname>diagbox.inetpsa.com</hostname>
        <port>80</port>
        <useProxy>false</useProxy>
        <forwardCredentials>false</forwardCredentials>
    </relay>

<!-- Cap-28735 x250 lot2 relay added for Witexedi -->
     <relay>
        <applicationName>TBM_HU</applicationName>
        <type>REWRITE_RESPONSE_RELAY</type>
        <applicationId>SDRB</applicationId>
        <active>true</active>
        <scheme>https</scheme>
        <hostname>lab-wt2aftersales.fiat.com/wt2/FGAwWS/fgaWebApp/wfeservices_jwt.ashx</hostname>
        <context></context>
        <useProxy>true</useProxy>
        <forwardCredentials>true</forwardCredentials>
    </relay>

    <relay>
        <applicationName>repps_ri</applicationName>
        <type>BASIC_RELAY</type>
        <applicationId>O7D</applicationId>
        <active>true</active>
        <scheme>http</scheme>
        <hostname>diagbox.inetpsa.com</hostname>
        <port>80</port>
        <useProxy>false</useProxy>
        <forwardCredentials>true</forwardCredentials>
    </relay>

    <relay>
        <applicationName>serav</applicationName>
        <type>BASIC_RELAY</type>
        <applicationId>SERAV_APP</applicationId>
        <active>true</active>
        <scheme>http</scheme>
        <hostname>ppserav.inetpsa.com</hostname>
        <port>80</port>
        <context>SeravII</context>
        <useProxy>false</useProxy>
        <forwardCredentials>false</forwardCredentials>
    </relay>

    <relay>
        <applicationName>serav_ri</applicationName>
        <type>BASIC_RELAY</type>
        <applicationId>SERAV_APP</applicationId>
        <active>true</active>
        <scheme>http</scheme>
        <hostname>ppserav.inetpsa.com</hostname>
        <port>80</port>
        <context>SeravII</context>
        <useProxy>false</useProxy>
        <forwardCredentials>false</forwardCredentials>
    </relay>
    <!-- CAP-25017 Added a new relay configuration for serav bsrf unlocking service, connecting APIC -->
    <relay>
        <applicationName>serav_ul</applicationName>
        <type>BASIC_RELAY</type>
        <applicationId>SERAV_APP</applicationId>
        <active>true</active>
        <scheme>https</scheme>
        <hostname>preprod.api.inetpsa.com</hostname>
        <context>application/serav/ws</context>
        <useProxy>false</useProxy>
        <forwardCredentials>true</forwardCredentials>
    </relay>


    <relay>
        <applicationName>repps_full</applicationName>
        <type>REWRITE_RESPONSE_RELAY</type>
        <applicationId>O7D</applicationId>
        <active>true</active>
        <scheme>http</scheme>
        <hostname>diagbox.inetpsa.com</hostname>
        <port>80</port>
        <useProxy>false</useProxy>
        <forwardCredentials>true</forwardCredentials>
    </relay>
    <relay>
        <applicationName>repps_full_ri</applicationName>
        <type>REWRITE_RESPONSE_RELAY</type>
        <applicationId>O7D</applicationId>
        <active>true</active>
        <scheme>http</scheme>
        <hostname>diagbox.inetpsa.com</hostname>
        <port>80</port>
        <useProxy>false</useProxy>
        <forwardCredentials>true</forwardCredentials>
    </relay>

    <relay>
        <applicationName>ediag</applicationName>
        <type>BASIC_RELAY</type>
        <applicationId>ODG.GARAGE</applicationId>
        <active>true</active>
        <scheme>http</scheme>
        <hostname>diagboxv2-garage.preprod.inetpsa.com</hostname>
        <port>80</port>
        <useProxy>false</useProxy>
        <forwardCredentials>true</forwardCredentials>
    </relay>
    <relay>
        <applicationName>ediag_ri</applicationName>
        <type>BASIC_RELAY</type>
        <applicationId>ODG.GARAGE</applicationId>
        <active>true</active>
        <scheme>http</scheme>
        <hostname>diagboxv2-garage.preprod.inetpsa.com</hostname>
        <port>80</port>
        <useProxy>false</useProxy>
        <forwardCredentials>true</forwardCredentials>
    </relay>

    <relay>
        <applicationName>EdiagPreprod_p1</applicationName>
        <type>BASIC_RELAY</type>
        <applicationId>ODG.GARAGE</applicationId>
        <active>true</active>
        <scheme>http</scheme>
        <hostname>author-diagbox2.preprod.inetpsa.com</hostname>
        <port>80</port>
        <useProxy>false</useProxy>
        <forwardCredentials>true</forwardCredentials>
    </relay>
    <relay>
        <applicationName>EdiagPreprod_p2</applicationName>
        <type>BASIC_RELAY</type>
        <applicationId>ODG.GARAGE</applicationId>
        <active>true</active>
        <scheme>http</scheme>
        <hostname>diagboxv2-garage.preprod.inetpsa.com</hostname>
        <port>80</port>
        <useProxy>false</useProxy>
        <forwardCredentials>true</forwardCredentials>
    </relay>
    <relay>
        <applicationName>EdiagPreprod_pp</applicationName>
        <type>BASIC_RELAY</type>
        <applicationId>ODG.GARAGE</applicationId>
        <active>true</active>
        <scheme>http</scheme>
        <hostname>prep-diagboxv2-garage.preprod.inetpsa.com</hostname>
        <port>80</port>
        <useProxy>false</useProxy>
        <forwardCredentials>true</forwardCredentials>
    </relay>
    <relay>
        <applicationName>EdiagProd_p1</applicationName>
        <type>BASIC_RELAY</type>
        <applicationId>ODG.GARAGE</applicationId>
        <active>true</active>
        <scheme>http</scheme>
        <hostname>author-diagbox2.inetpsa.com</hostname>
        <port>80</port>
        <useProxy>false</useProxy>
        <forwardCredentials>true</forwardCredentials>
    </relay>
    <relay>
        <applicationName>EdiagProd_p2</applicationName>
        <type>BASIC_RELAY</type>
        <applicationId>ODG.GARAGE</applicationId>
        <active>true</active>
        <scheme>http</scheme>
        <hostname>diagboxv2-garage.inetpsa.com</hostname>
        <port>80</port>
        <useProxy>false</useProxy>
        <forwardCredentials>true</forwardCredentials>
    </relay>
    <relay>
        <applicationName>EdiagProd_pp</applicationName>
        <type>BASIC_RELAY</type>
        <applicationId>ODG.GARAGE</applicationId>
        <active>true</active>
        <scheme>http</scheme>
        <hostname>prep-diagboxv2-garage.inetpsa.com</hostname>
        <port>80</port>
        <useProxy>false</useProxy>
        <forwardCredentials>true</forwardCredentials>
    </relay>

    <!-- POUDG 9062 : changing to APIC url -->
    <relay>
        <applicationName>corvet</applicationName>
        <type>REWRITE_RESPONSE_RELAY</type>
        <applicationId>NRV</applicationId>
        <active>true</active>
        <scheme>https</scheme>
        <!-- <hostname>wsxml.preprod.inetpsa.com</hostname> --> <!-- datapower url -->
        <!-- <hostname>wsxml-preprod.services.inetpsa.com</hostname> -->
        <hostname>preprod.api.inetpsa.com</hostname>
        <!-- <hostname>http://corvet.preprod.inetpsa.com/corvet/Extraction --> <!-- preprod url shared by Indu -->
        <!-- old url for seaparate corvet call --> <!-- wsxml.services.mpsa.com/ -->
        <!-- <hostname>referentiel.corvet.preprod.inetpsa.com</hostname> -->
        <port>80</port>
        <context>applications/corvet/v1/extraction</context>
        <useProxy>false</useProxy>
        <forwardCredentials>true</forwardCredentials>
    </relay>

    <relay>
        <applicationName>corvet_ri</applicationName>
        <type>REWRITE_RESPONSE_RELAY</type>
        <applicationId>NRV</applicationId>
        <active>true</active>
        <scheme>http</scheme>
        <hostname>wsxml.preprod.inetpsa.com</hostname>
        <port>80</port>
        <context>corvet/Extraction</context>
        <useProxy>false</useProxy>
        <forwardCredentials>true</forwardCredentials>
    </relay>

    <!-- CAP-17119 Added a new relay configuration for portfolio intranet dev server- only for TESTING in local -->
    <relay>
        <applicationName>portfolio_d</applicationName>
        <type>BASIC_RELAY</type>
        <applicationId>APIC_PORTFOLIO_APP</applicationId>
        <active>true</active>
        <scheme>http</scheme>
        <hostname>diagportfolio-dev-diagportfolio.psa-cloud.com</hostname>
        <port>80</port>
        <context>api/ddc</context>
        <useProxy>false</useProxy>
        <forwardCredentials>true</forwardCredentials>
    </relay>

    <!-- CAP-17119 Added a new relay configuration for portfolio intranet pre-prod server- only for TESTING in local -->
    <relay>
        <applicationName>portfolio_pp1</applicationName>
        <type>BASIC_RELAY</type>
        <applicationId>APIC_PORTFOLIO_APP</applicationId>
        <active>true</active>
        <scheme>http</scheme>
        <hostname>diagportfolio-staging-diagportfolio.psa-cloud.com</hostname>
        <port>80</port>
        <context>api/ddc</context>
        <useProxy>false</useProxy>
        <forwardCredentials>true</forwardCredentials>
    </relay>

    <!-- CAP-17119 Added a new relay configuration for portfolio intranet prod server- only for TESTING in local -->
    <relay>
        <applicationName>portfolio_p</applicationName>
        <type>BASIC_RELAY</type>
        <applicationId>APIC_PORTFOLIO_APP</applicationId>
        <active>true</active>
        <scheme>http</scheme>
        <hostname>diagportfolio.psa-cloud.com</hostname>
        <port>80</port>
        <context>api/ddc</context>
        <useProxy>false</useProxy>
        <forwardCredentials>true</forwardCredentials>
    </relay>

    <!-- CAP-17119 Added a new relay configuration for APIC dev server -->
    <relay>
        <applicationName>portfolio_dev</applicationName>
        <type>BASIC_RELAY</type>
        <applicationId>APIC_PORTFOLIO_APP</applicationId>
        <active>true</active>
        <scheme>https</scheme>
        <hostname>preprod.api.inetpsa.com</hostname>
        <context>dev/private/applications/diagportfolio/ddc/v1</context>
        <useProxy>false</useProxy>
        <forwardCredentials>true</forwardCredentials>
    </relay>

    <!-- CAP-17119 Added a new relay configuration for APIC pre-prod server -->
    <relay>
        <applicationName>portfolio_pp</applicationName>
        <type>BASIC_RELAY</type>
        <applicationId>APIC_PORTFOLIO_APP</applicationId>
        <active>true</active>
        <scheme>https</scheme>
        <hostname>api-basic-preprod.groupe-psa.com</hostname>
        <context>applications/diagportfolio/ddc/v1</context>
        <useProxy>false</useProxy>
        <forwardCredentials>true</forwardCredentials>
    </relay>

    <!-- CAP-17119 Added a new relay configuration for APIC prod server -->
    <relay>
        <applicationName>portfolio</applicationName>
        <type>BASIC_RELAY</type>
        <applicationId>APIC_PORTFOLIO_APP</applicationId>
        <active>true</active>
        <scheme>https</scheme>
        <hostname>api.inetpsa.com</hostname>
        <context>applications/diagportfolio/ddc/v1</context>
        <useProxy>false</useProxy>
        <forwardCredentials>true</forwardCredentials>
    </relay>

    <!-- CAP-29098-POUDG-8690: Added a new relay configuration for getLabelsInfo service (PORTFOLIO), connecting APIC -->
    <relay>
        <applicationName>portfolio_label</applicationName>
        <type>BASIC_RELAY</type>
        <applicationId>APIC_PORTFOLIO_APP</applicationId>
        <active>true</active>
        <scheme>https</scheme>
        <hostname>api-basic-preprod.groupe-psa.com</hostname>
        <context>applications/diagportfolio/dpo-data/v1/ddc/getLabelsInfo</context>     
        <useProxy>false</useProxy>
        <forwardCredentials>true</forwardCredentials>
    </relay>
    <!-- POUDG-9437 start: Added a new relay configuration for calling ldap-oi, connecting APIC -->
    <relay>
        <applicationName>ldap_oi</applicationName>
        <type>REWRITE_RESPONSE_RELAY</type>
        <applicationId>IOIC</applicationId>
        <active>true</active>
        <scheme>https</scheme>
        <hostname>api-oidc-preprod.groupe-psa.com</hostname>
        <context>api/basic-aai/applications/ia-ws-oi/ioi-rest/oauth/v1/pwdChange</context>
        <useProxy>false</useProxy>
        <forwardCredentials>true</forwardCredentials>
    </relay>
    <relay>
        <applicationName>ldap_oi_prod</applicationName>
        <type>REWRITE_RESPONSE_RELAY</type>
        <applicationId>IOIB</applicationId>
        <active>true</active>
        <scheme>https</scheme>
        <hostname>be-ldapoi-service.inetpsa.com</hostname>
        <context>ioi-ws/rest/pwdChange</context>
        <useProxy>false</useProxy>
        <forwardCredentials>true</forwardCredentials>
    </relay>
    <!-- POUDG-9437 end -->
    <!-- CAP-17119 Added a new relay configuration for cin dev server to get token for portfolio -->
    <relay>
        <applicationName>cin_dev</applicationName>
        <type>BASIC_RELAY</type>
        <applicationId>CIN_APP</applicationId>
        <active>true</active>
        <scheme>http</scheme>
        <hostname>caridentifier-auth.dev.afsa.intranet.lagoon.psa-cloud.com</hostname>
        <port>80</port>
        <context>authentication</context>
        <useProxy>false</useProxy>
        <forwardCredentials>true</forwardCredentials>
    </relay>

    <!-- CAP-17119 Added a new relay configuration for cin pre-prod server to get token for portfolio -->
    <relay>
        <applicationName>cin_pp</applicationName>
        <type>BASIC_RELAY</type>
        <applicationId>CIN_APP</applicationId>
        <active>true</active>
        <scheme>http</scheme>
        <hostname>caridentifier-auth.staging.afsa.intranet.lagoon.psa-cloud.com</hostname>
        <port>80</port>
        <context>authentication</context>
        <useProxy>false</useProxy>
        <forwardCredentials>true</forwardCredentials>
    </relay>

    <!-- CAP-17119 Added a new relay configuration for cin prod server to get token for portfolio -->
    <relay>
        <applicationName>cin</applicationName>
        <type>BASIC_RELAY</type>
        <applicationId>CIN_APP</applicationId>
        <active>true</active>
        <scheme>http</scheme>
        <hostname>caridentifier-auth.production.afsa.intranet.lagoon.psa-cloud.com</hostname>
        <port>80</port>
        <context>authentication</context>
        <useProxy>false</useProxy>
        <forwardCredentials>true</forwardCredentials>
    </relay>

    <!-- Association des stratégies aux identifiants d'applications -->
    <strategy>
        <entry>
            <key>O7D</key>
            <value>com.inetpsa.o8d.a2dr.strategie.factory.AuthorisationAndAuthentificationFactory</value>
        </entry>

        <!-- CAP-21206 change to authentication and authorisation factory -->
        <entry>
            <key>SERAV_APP</key>
            <value>com.inetpsa.o8d.a2dr.strategie.factory.AuthorisationAndAuthentificationOIFactory</value>
        </entry>

        <entry>
            <key>NRV</key>
            <value>com.inetpsa.o8d.a2dr.strategie.factory.AuthorisationAndAuthentificationFactory</value>
        </entry>
        <entry>
            <key>IOIC</key>
            <value>com.inetpsa.o8d.a2dr.strategie.factory.AuthorisationAndAuthentificationFactory</value>
        </entry>
         <entry>
            <key>IOIB</key>
            <value>com.inetpsa.o8d.a2dr.strategie.factory.AuthorisationAndAuthentificationFactory</value>
        </entry>
        <entry>
            <key>ODG.GARAGE</key>
            <value>com.inetpsa.o8d.a2dr.strategie.factory.AuthorisationAndAuthentificationOIFactory</value>
        </entry>

        <entry>
            <key>a2drAuthentification</key>
            <value>com.inetpsa.o8d.a2dr.strategie.factory.AuthentifierFactory</value>
        </entry>

        <entry>
            <key>GetSFTPCertificate</key>
            <value>com.inetpsa.o8d.a2dr.strategie.factory.AuthorisationAndAuthentificationFactory</value>
        </entry>

        <entry>
            <key>ShowFailedUserAttemptsAction</key>
            <value>com.inetpsa.o8d.a2dr.strategie.factory.AuthorisationAndAuthentificationFactory</value>
        </entry>

        <!-- CAP-17119 Used strategy for authentification of user for portfolio -->
        <entry>
            <key>APIC_PORTFOLIO_APP</key>
            <value>com.inetpsa.o8d.a2dr.strategie.factory.AuthentifierFactory</value>
        </entry>

        <!-- CAP-17119 Used strategy for authentification of user for CIN to get token for portfolio -->
        <entry>
            <key>CIN_APP</key>
            <value>com.inetpsa.o8d.a2dr.strategie.factory.AuthentifierFactory</value>
        </entry>
        <!-- CAP-28735:x250 lot2 -->
        <!-- POUDG-9343 -->
        <entry>
            <key>SDRB</key>
            <value>com.inetpsa.o8d.a2dr.strategie.factory.AuthentifierFactory</value>
        </entry>
    </strategy>

    <variables>
        <entry>
            <key>Enrollment_portal_URL</key>
            <value>https://devicestatus.otp.preprod.inetpsa.com/api-public/1.0/diagbox/serial_num/enrollment/status</value>
        </entry>
        <entry>
            <key>BRR_TRANSPORT_USER_NAME</key>
            <value>1EnmFN9PYH73+JGNfUEVgQ==</value>
        </entry>
        <entry>
            <key>BRR_TRANSPORT_PWD</key>
            <value>Lc23yjmBsFfPppFfs8+wLg==</value>
        </entry>
        <entry>
            <key>BRR_USER_NAME</key>
            <value>1EnmFN9PYH73+JGNfUEVgQ==</value>
        </entry>
        <entry>
            <key>BRR_PASSWORD</key>
            <value>Lc23yjmBsFfPppFfs8+wLg==</value>
        </entry>
        <!-- CAP-25454: Adding technical account for CheckPDV(BRR) for diagcloud -start -->
        <entry>
            <key>BRR_DIAG_USER_NAME</key>
            <value>tp6+mTaZw/++Ki5SF56Uvg==</value>
        </entry>
        <entry>
            <key>BRR_DIAG_PASSWORD</key>
            <value>s+eclmxUCZfJeNb0Vn69JA==</value>
        </entry>
        <entry>
            <key>BRR_TRANSPORT_DIAG_USER_NAME</key>
            <value>tp6+mTaZw/++Ki5SF56Uvg==</value>
        </entry>
        <entry>
            <key>BRR_TRANSPORT_DIAG_PWD</key>
            <value>s+eclmxUCZfJeNb0Vn69JA==</value>
        </entry>
        <!-- CAP-25454: Adding technical account for CheckPDV(BRR) for diagcloud -end -->
        <!-- <entry>
            <key>BRR_CLIENT_URL</key>
            <value>http://wssoap.preprod.inetpsa.com/brr/services/AC/GestionPdv</value>
        </entry> -->
        <entry>
            <key>BRR_CLIENT_URL</key>
            <value>https://preprod.api.inetpsa.com/applications/brr-soa/gestionpdv/v1/ac</value>
        </entry>
        <entry>
            <key>TRANSPORT_USER_NAME</key>
            <value>MWPO7DBR</value>
        </entry>
        <entry>
            <key>TRANSPORT_PWD</key>
            <value>f5u7rfvk</value>
        </entry>
        <entry>
            <key>EMETTEUR_VAL</key>
            <value>DDC_PPROD</value>
        </entry>
        <entry>
            <key>ENROLL_USER</key>
            <value>MWPO7DBR</value>
        </entry>
        <entry>
            <key>ENROLL_PSWD</key>
            <value>f5u7rfvk</value>
        </entry>
        <!-- CAP-17119 added constant client_id to build URL for APIC- NOTE- change this value to test in local for other APIC server, below one is for 
            dev -->
        <entry>
            <key>CLIENT_ID</key>
            <value>69357a66-6a8e-4e09-bc14-c1f3d6c7bbd9</value>
        </entry>
        <!-- CAP-29098: added constant to build URL for APIC- getLabelsInfo -->
        <entry>
            <key>CLIENT_ID_PORTFOLIO_LABEL</key>
            <value>e73eaccb-edd9-437f-be78-6a042326c250</value>
        </entry>
        <!-- POUDG-9437: added constant to build URL for APIC- ldapoi -->
        <entry>
            <key>CLIENT_ID_LDAP_OI</key>
            <value>cdd4db78df4ac6e8fb37e007631aedff</value>
        </entry>
        <!-- CAP-25017 added constant client_id to build URL for SERAV_BSRF to test in local for other APIC server, below one is for dev -->
        <entry>
            <key>CLIENT_ID_SERAV_UL</key>
            <value>TXjOEulGG43NvNPdjG8mRAZ0SKmi3X88r8vCrJ3jkG5eraAvEa5XEcpGRq6KNQGN</value>
        </entry>
        <!-- POUDG-9062 Added constant client_id to build URL for BRR -->
        <entry>
            <key>CLIENT_ID_BRR</key>
            <value>TXjOEulGG43NvNPdjG8mRAZ0SKmi3X88r8vCrJ3jkG5eraAvEa5XEcpGRq6KNQGN</value>
        </entry>
        <!-- CAP-25454 -->
        <entry>
            <key>IDP_PORTAL_URL</key>
            <value>https://idfed-preprod.mpsa.com:443/pf/JWKS</value>
        </entry>
        <entry>
            <key>DSS3_HOSTNAME</key>
            <value>dss3</value>
        </entry>
    </variables>


</server_configuration>