<?xml version="1.0" encoding="iso-8859-1"?>
<project name="${project.name}" xmlns="http://maven.apache.org/DECORATION/1.3.0"
    xmlns:xsi="http://www.w3.org/2001/XMLSchema-instance"
    xsi:schemaLocation="http://maven.apache.org/DECORATION/1.3.0 http://maven.apache.org/xsd/decoration-1.3.0.xsd">

	<skin>
		<groupId>com.inetpsa.jip.skins</groupId>
		<artifactId>psa-main-skin</artifactId>
		<version>0.2.1</version>
	</skin>
	<publishDate position="left" format="dd MMM yyyy"/>
	<bannerLeft>
		<name>${project.name} - ${project.description}</name>
	</bannerLeft>
	<bannerRight>
		<src>/images/logo_psa.jpg</src>
	</bannerRight>

	<body>

		<menu ref="parent" />

		<menu ref="reports" />

		<menu name="Other reports">
			<item name="PSA Dashboard" href="/psa-dashboard.html"/>
		</menu>

	</body>
</project>