<class-descriptor class="com.inetpsa.o8d.a2dr.beans.UserA2DR" table="O8DQT001">
	<field-descriptor name="id"
					column="USER_ID"
					jdbc-type="INTEGER"
					primarykey="true"
					autoincrement="true"
                    access="readonly"/>
	
	<field-descriptor name="login"
					column="USER_LOGIN"
					jdbc-type="VARCHAR"/>
					
	<field-descriptor name="motDePasse"
					column="USER_MDP"
					jdbc-type="VARCHAR"/>
					
	<field-descriptor name="nom"
					column="USER_NOM"
					jdbc-type="VARCHAR"/>
					
	<field-descriptor name="prenom"
					column="USER_PRENOM"
					jdbc-type="VARCHAR"/>
	
	<field-descriptor name="email"
					column="USER_EMAIL"
					jdbc-type="VARCHAR"/>
					
	<field-descriptor name="adrFacture"
					column="USER_ADRESSE"
					jdbc-type="VARCHAR"/>
	
	<field-descriptor name="ville"
					column="USER_VILLE"
					jdbc-type="VARCHAR"/>
	
	<field-descriptor name="codePostal"
					column="USER_CODEPOSTAL"
					jdbc-type="VARCHAR"/>
	
	<field-descriptor name="nbrJetons"
					column="USER_NBRJETON"
					jdbc-type="INTEGER"/>
					
	<field-descriptor name="isValidate"
					column="USER_ISVALIDE"
					jdbc-type="VARCHAR"/>
						
	<field-descriptor name="dateFinMax" column="USER_DATEFINMAX"
					jdbc-type="DATE"
					conversion="org.apache.ojb.broker.accesslayer.conversions.JavaDate2SqlDateFieldConversion" />

	<field-descriptor name="codeLangueISO"
					column="USER_CODELANGUE"
					jdbc-type="VARCHAR"/>
	
	<field-descriptor name="codePaysISO"
					column="USER_CODEPAYS"
					jdbc-type="VARCHAR" />

	<collection-descriptor name="listeVin" 
					element-class-ref="com.inetpsa.o8d.a2dr.beans.VinA2DR"
					orderby="id"
					sort="DESC"
					auto-delete="true"
					auto-retrieve="true"
					auto-update="true">
                    
					<inverse-foreignkey field-ref="idUserA2DR" />
	</collection-descriptor>

</class-descriptor>

 
<class-descriptor class="com.inetpsa.o8d.a2dr.beans.VinA2DR" table="O8DQT002">
	<field-descriptor name="id"
					column="VINA2DR_ID"
					jdbc-type="INTEGER"
					primarykey="true"
					autoincrement="true"
					access="readonly"/>

	<!-- Lien vers la classe UserA2DR -->


	<field-descriptor name="idUserA2DR"
					column="VINA2DR_IDUSERA2DR"
					jdbc-type="INTEGER"/>
					
	<reference-descriptor name="userA2DR" 
					class-ref="com.inetpsa.o8d.a2dr.beans.UserA2DR">
						<foreignkey field-ref="idUserA2DR"/>
	</reference-descriptor>	


	<!-- Fin du lien vers la classe UserA2DR -->

					
	<field-descriptor name="vin"
					column="VINA2DR_VIN"
					jdbc-type="VARCHAR"/>

	<field-descriptor name="dateDebut" column="VINA2DR_DATEDEBUT"
					jdbc-type="DATE"
					conversion="org.apache.ojb.broker.accesslayer.conversions.JavaDate2SqlDateFieldConversion"/>

	<field-descriptor name="dateFin" column="VINA2DR_DATEFIN"
					jdbc-type="DATE"
					conversion="org.apache.ojb.broker.accesslayer.conversions.JavaDate2SqlDateFieldConversion"/>

</class-descriptor>
<!--CAP-25454  -->
<class-descriptor class="com.inetpsa.o8d.diagcloud.token.beans.TokenPojo" table="O8DQT004">
    <field-descriptor name="id"
                    column="ID"
                    jdbc-type="INTEGER"
                    primarykey="true"
                    autoincrement="true"
                    access="readonly"/>
    
    <field-descriptor name="userName"
                    column="USER_ID"
                    jdbc-type="VARCHAR"
                    primarykey="true"/>
                    
    <field-descriptor name="kid"
                    column="KID"
                    jdbc-type="VARCHAR"/>
                    
    <field-descriptor name="clientId"
                    column="CLIENT_ID"
                    jdbc-type="VARCHAR"/>
    
    <field-descriptor name="rrdi"
                    column="RRDI"
                    jdbc-type="VARCHAR"/>
                    
    <field-descriptor name="brand"
                    column="BRAND"
                    jdbc-type="VARCHAR"/>
    
    <field-descriptor name="country"
                    column="COUNTRY"
                    jdbc-type="VARCHAR"/>
    
   
   <field-descriptor name="expirationTime"
                    column="Expiration_TIME"
                    jdbc-type="INTEGER" />
    
    <field-descriptor name="createdBy"
                    column="CREATED_BY"
                    jdbc-type="VARCHAR"/>
                    
    <field-descriptor name="createdDate"
                    column="CREATED_DATE"
                    jdbc-type="DATE"
                    conversion="org.apache.ojb.broker.accesslayer.conversions.JavaDate2SqlDateFieldConversion" />
    
      <field-descriptor name="modifiedBy"
                    column="MODIFIED_BY"
                    jdbc-type="VARCHAR"/>
                    
    <field-descriptor name="modifiedDate"
                    column="MODIFIED_DATE"
                    jdbc-type="DATE"
                    conversion="org.apache.ojb.broker.accesslayer.conversions.JavaDate2SqlDateFieldConversion" />
                   
   
</class-descriptor>


