<?xml version="1.0" encoding="ISO-8859-1"?>
<release xmlns:xsi="http://www.w3.org/2001/XMLSchema-instance"
    xsi:noNamespaceSchemaLocation="http://ciq-repository.inetpsa.com/repository/virtual/com/inetpsa/jip/xsd/release/release-1.1.xsd">
    <goals>
        <goal>deploy</goal>
        <goal>cleaner:clean-project-folder</goal>
    </goals>
    <arguments>
        <argument>-PpsaReports,psaComponentRelease</argument>
        <argument>-DcleanerIncludes=**/o8dPsaRoot/**</argument>
    </arguments>
</release>